Model,Variant,Params,Epochs,RMSE (dB),MAE (dB),R2,Pearson r (all points),Pearson r (per-spectrum mean),Error at highest peak (dB),Highest-peak frequency error (Hz),RMSE at all peaks (dB),RMSE off peaks (dB),Bias (dB),Error std (dB),RMSE lowest 5% freq (dB),RMSE interior freq (dB),RMSE highest 5% freq (dB),RMSE closest-f_t 10% (dB),RMSE near-edge 10% (dB),Final train loss,Final val loss,Best val loss,Test spectra
Deep Cat Operator,sorted_phys,155240,200,2.7015,1.1459,0.9273,0.9672,0.9683,6.6766,29.6071,6.6965,2.5368,0.4228,2.6683,0.2258,2.7586,2.9870,3.1059,2.5361,0.1682,0.2499,0.2497,10000
Deep Neural Operator,sorted_phys,149994,200,2.9215,1.2889,0.9150,0.9625,0.9639,6.8266,30.3239,6.7838,2.7701,0.5105,2.8765,0.3016,2.9891,3.1246,3.3121,2.6983,0.1964,0.2699,0.2698,10000
SIREN Neural Operator,sorted_phys,152746,200,3.1172,1.5215,0.9032,0.9584,0.9597,7.3369,32.4738,6.9604,2.9710,0.6215,3.0546,0.6142,3.1870,3.3332,3.4393,2.9617,0.2279,0.2893,0.2892,10000
Laplace Neural Operator,sorted_phys,162704,200,3.1801,1.4796,0.8993,0.9566,0.9580,7.2507,31.7382,7.1500,3.0283,0.6081,3.1214,0.5029,3.2727,3.0298,3.5524,2.8716,0.2383,0.3060,0.3058,10000
Fourier Neural Operator,sorted_phys,153564,200,3.4469,1.8610,0.8817,0.9450,0.9467,8.7939,33.3552,7.9594,3.2708,0.9270,3.3199,1.7444,3.5217,3.3622,3.7752,3.1575,0.2714,0.3697,0.3640,10000
Wavelet Neural Operator,sorted_phys,145946,200,3.4598,1.9037,0.8808,0.9427,0.9438,11.4759,34.3028,9.0537,3.2189,0.7817,3.3703,1.9202,3.5103,3.7268,3.7291,3.2676,0.2490,0.4924,0.4317,10000
Graph Neural Operator,phys,112230,200,3.8398,1.9815,0.8532,0.9487,0.9513,7.5215,33.7112,6.5687,3.7538,1.4168,3.5688,0.4479,3.9077,4.4480,4.1201,3.5559,0.3845,0.3293,0.3253,10000
Set Transformer Operator,phys,110193,200,3.8616,2.0437,0.8515,0.9465,0.9487,7.6232,33.6457,7.0305,3.7575,1.2827,3.6423,0.5927,3.9411,4.2739,4.1194,3.6060,0.4164,0.3510,0.3508,10000
DeepONet,sorted_phys,146294,200,6.4276,4.2548,0.5886,0.8420,0.8450,11.9064,40.5318,12.9242,6.1988,2.7404,5.8142,0.9683,6.6463,5.4814,6.4531,6.0503,0.9339,1.0189,1.0188,10000
Plain Neural Network,perm,112925,200,8.5316,6.8491,0.2751,0.7645,0.7675,21.4871,42.4783,15.6591,8.2961,5.2019,6.7623,7.6505,8.2863,12.7115,8.5605,8.4139,1.2973,1.7451,1.5986,10000
