case,title,model,selected_rmse_db,best_of_16_rmse_db,selected_position_error_cm
1,Test-split configuration 3 (held out: not used for training),iFNO,7.672,7.571,"[32.3, 19.9]"
1,Test-split configuration 3 (held out: not used for training),iDCO,9.4,8.5,"[12.2, 46.8]"
1,Test-split configuration 3 (held out: not used for training),iGNO,7.38,7.38,"[13.7, 26.4]"
1,Test-split configuration 3 (held out: not used for training),iDNO,7.532,7.532,"[12.0, 25.1]"
1,Test-split configuration 3 (held out: not used for training),iLNO,9.952,9.186,"[13.5, 53.3]"
1,Test-split configuration 3 (held out: not used for training),iSTO,9.757,9.523,"[15.5, 27.2]"
2,"New configuration inside the training ranges (hand-picked, not in the dataset)",iFNO,4.709,4.709,"[11.3, 0.6]"
2,"New configuration inside the training ranges (hand-picked, not in the dataset)",iDCO,6.234,6.234,"[9.8, 11.3]"
2,"New configuration inside the training ranges (hand-picked, not in the dataset)",iGNO,5.703,5.703,"[10.0, 11.7]"
2,"New configuration inside the training ranges (hand-picked, not in the dataset)",iDNO,6.65,6.619,"[12.3, 8.6]"
2,"New configuration inside the training ranges (hand-picked, not in the dataset)",iLNO,5.654,5.654,"[10.8, 6.2]"
2,"New configuration inside the training ranges (hand-picked, not in the dataset)",iSTO,7.562,7.562,"[16.6, 3.5]"
3,"Outside the training ranges: heavy resonators, m = 2.0 and 1.5 kg (training: 0.1--1 kg)",iFNO,9.4,9.4,"[65.7, 41.6]"
3,"Outside the training ranges: heavy resonators, m = 2.0 and 1.5 kg (training: 0.1--1 kg)",iDCO,8.979,8.979,"[51.8, 35.2]"
3,"Outside the training ranges: heavy resonators, m = 2.0 and 1.5 kg (training: 0.1--1 kg)",iGNO,8.89,8.89,"[1.5, 9.4]"
3,"Outside the training ranges: heavy resonators, m = 2.0 and 1.5 kg (training: 0.1--1 kg)",iDNO,8.97,8.97,"[54.1, 7.7]"
3,"Outside the training ranges: heavy resonators, m = 2.0 and 1.5 kg (training: 0.1--1 kg)",iLNO,8.96,8.96,"[29.4, 8.5]"
3,"Outside the training ranges: heavy resonators, m = 2.0 and 1.5 kg (training: 0.1--1 kg)",iSTO,9.447,9.447,"[7.0, 5.0]"
4,Different ERP: heavy absorbers on the first two plate peaks (46 and 55 Hz),iFNO,8.136,8.136,"[16.0, 12.4]"
4,Different ERP: heavy absorbers on the first two plate peaks (46 and 55 Hz),iDCO,8.517,8.517,"[13.1, 8.1]"
4,Different ERP: heavy absorbers on the first two plate peaks (46 and 55 Hz),iGNO,9.539,9.539,"[16.9, 13.7]"
4,Different ERP: heavy absorbers on the first two plate peaks (46 and 55 Hz),iDNO,8.893,8.893,"[30.0, 10.8]"
4,Different ERP: heavy absorbers on the first two plate peaks (46 and 55 Hz),iLNO,10.402,10.27,"[1.2, 10.1]"
4,Different ERP: heavy absorbers on the first two plate peaks (46 and 55 Hz),iSTO,9.77,8.932,"[22.5, 11.7]"
5,Different ERP: heavy absorbers on the two high plate peaks (98 and 145 Hz),iFNO,10.946,10.896,"[7.5, 63.5]"
5,Different ERP: heavy absorbers on the two high plate peaks (98 and 145 Hz),iDCO,7.203,7.203,"[5.7, 16.1]"
5,Different ERP: heavy absorbers on the two high plate peaks (98 and 145 Hz),iGNO,8.977,7.828,"[5.8, 16.0]"
5,Different ERP: heavy absorbers on the two high plate peaks (98 and 145 Hz),iDNO,7.604,7.548,"[4.5, 15.6]"
5,Different ERP: heavy absorbers on the two high plate peaks (98 and 145 Hz),iLNO,10.132,10.132,"[5.6, 4.4]"
5,Different ERP: heavy absorbers on the two high plate peaks (98 and 145 Hz),iSTO,8.593,7.08,"[6.8, 13.3]"
6,"Different ERP: both resonators tuned to 100 Hz, heavy",iFNO,9.974,9.845,"[28.4, 33.3]"
6,"Different ERP: both resonators tuned to 100 Hz, heavy",iDCO,9.225,9.225,"[29.2, 37.2]"
6,"Different ERP: both resonators tuned to 100 Hz, heavy",iGNO,9.897,9.897,"[37.5, 45.9]"
6,"Different ERP: both resonators tuned to 100 Hz, heavy",iDNO,9.562,9.562,"[31.8, 68.6]"
6,"Different ERP: both resonators tuned to 100 Hz, heavy",iLNO,9.269,9.269,"[10.7, 30.1]"
6,"Different ERP: both resonators tuned to 100 Hz, heavy",iSTO,9.838,9.838,"[5.2, 15.8]"
