case,model,forward_rmse_db,forward_peak_rmse_db,inverse_point_rmse_db,inverse_best16_rmse_db,point_position_error_cm,best16_position_error_cm
1,iDON Q64,2.022,8.047,6.414,6.414,"[0.8, 24.0]","[0.8, 24.0]"
1,iDON Q64-ERP,3.555,5.265,5.052,5.039,"[7.0, 17.6]","[14.3, 8.2]"
1,iFNO,1.521,6.376,8.634,7.571,"[18.8, 19.1]","[24.5, 21.7]"
1,iLNO,1.425,5.758,10.715,9.186,"[18.1, 25.6]","[37.6, 23.9]"
1,iSTO,1.535,5.941,9.499,9.523,"[14.0, 29.0]","[24.5, 24.1]"
1,iGNO,2.789,11.007,11.273,7.38,"[12.6, 19.8]","[13.7, 26.4]"
2,iDON Q64,2.851,12.273,8.038,7.272,"[6.6, 16.3]","[9.8, 13.0]"
2,iDON Q64-ERP,3.797,6.158,3.212,3.212,"[3.8, 2.4]","[3.8, 2.4]"
2,iFNO,2.944,11.302,6.814,4.709,"[14.3, 5.6]","[11.3, 0.6]"
2,iLNO,2.246,7.098,8.916,5.654,"[14.9, 10.2]","[10.8, 6.2]"
2,iSTO,2.634,5.904,8.645,7.562,"[10.8, 8.3]","[16.6, 3.5]"
2,iGNO,3.429,15.316,7.322,5.703,"[11.6, 4.2]","[10.0, 11.7]"
3,iDON Q64,,,10.348,9.07,"[58.9, 38.1]","[41.2, 40.1]"
3,iDON Q64-ERP,,,13.008,9.92,"[26.4, 5.6]","[14.7, 1.3]"
3,iFNO,,,10.776,9.4,"[53.1, 36.3]","[65.7, 41.6]"
3,iLNO,,,13.569,8.96,"[31.8, 11.4]","[29.4, 8.5]"
3,iSTO,,,10.601,9.447,"[13.0, 7.7]","[7.0, 5.0]"
3,iGNO,,,9.511,8.89,"[1.6, 6.6]","[1.5, 9.4]"
4,iDON Q64,5.35,16.66,10.05,9.314,"[36.5, 29.0]","[34.1, 55.0]"
4,iDON Q64-ERP,9.315,15.236,11.704,9.208,"[37.5, 28.6]","[48.9, 38.9]"
4,iFNO,4.015,15.001,9.967,8.136,"[25.0, 11.8]","[16.0, 12.4]"
4,iLNO,4.76,14.932,10.584,10.27,"[19.1, 24.9]","[4.0, 11.4]"
4,iSTO,4.561,13.222,7.945,8.932,"[3.7, 12.1]","[27.9, 7.5]"
4,iGNO,6.566,21.335,9.357,9.539,"[2.3, 9.2]","[16.9, 13.7]"
5,iDON Q64,5.933,24.647,13.602,10.379,"[4.0, 40.9]","[4.6, 15.2]"
5,iDON Q64-ERP,9.555,34.008,11.95,11.18,"[36.0, 30.9]","[38.8, 98.9]"
5,iFNO,4.627,21.712,13.173,10.896,"[10.7, 37.7]","[13.8, 36.2]"
5,iLNO,4.46,21.18,14.766,10.132,"[5.1, 26.7]","[5.6, 4.4]"
5,iSTO,3.792,18.714,10.86,7.08,"[7.1, 16.8]","[5.8, 15.8]"
5,iGNO,6.805,32.318,9.134,7.828,"[12.7, 9.3]","[10.0, 13.6]"
6,iDON Q64,6.509,19.68,7.931,7.931,"[12.2, 7.1]","[12.2, 7.1]"
6,iDON Q64-ERP,12.996,23.319,11.525,8.769,"[7.3, 12.9]","[28.6, 37.0]"
6,iFNO,3.965,17.261,12.885,9.845,"[15.0, 22.0]","[43.3, 10.7]"
6,iLNO,4.911,18.816,11.246,9.269,"[14.5, 34.6]","[10.7, 30.1]"
6,iSTO,5.284,19.589,11.769,9.838,"[9.8, 35.5]","[5.2, 15.8]"
6,iGNO,7.031,25.431,11.921,9.897,"[9.1, 40.1]","[37.5, 45.9]"
