frequency_hz,min_db,lower_whisker_db,q1_db,median_db,q3_db,upper_whisker_db,max_db
10.0000,60.5672,62.3697,62.4723,62.5007,62.5455,62.6553,66.8492
10.5000,59.0194,62.8059,62.9273,62.9591,63.0089,63.1313,67.6214
11.0000,57.8943,63.2293,63.3643,63.3995,63.4548,63.5905,69.9842
11.5000,57.4740,63.6358,63.7850,63.8239,63.8851,64.0351,70.3569
12.0000,58.9824,64.0256,64.1908,64.2337,64.3011,64.4665,70.5169
12.5000,57.3048,64.4023,64.5834,64.6303,64.7043,64.8857,73.9463
13.0000,56.9619,64.7656,64.9638,65.0151,65.0960,65.2943,72.9571
13.5000,56.2579,65.1174,65.3331,65.3890,65.4772,65.6935,73.9676
14.0000,55.7320,65.4566,65.6921,65.7530,65.8491,66.0847,76.8821
14.5000,56.0288,65.7869,66.0419,66.1078,66.2121,66.4674,77.6301
15.0000,55.1988,66.1067,66.3832,66.4546,66.5676,66.8441,76.8260
15.5000,55.7697,66.4188,66.7168,66.7939,66.9159,67.2145,81.3922
16.0000,53.6728,66.7207,67.0431,67.1264,67.2581,67.5806,81.1323
16.5000,54.1142,67.0149,67.3627,67.4527,67.5949,67.9431,83.8943
17.0000,54.1221,67.3014,67.6764,67.7735,67.9264,68.3014,81.8232
17.5000,55.4390,67.5821,67.9848,68.0888,68.2533,68.6561,82.2723
18.0000,55.3184,67.8566,68.2882,68.3994,68.5760,69.0078,85.9995
18.5000,53.1291,68.1251,68.5869,68.7061,68.8949,69.3568,87.4980
19.0000,53.1901,68.3878,68.8815,69.0087,69.2109,69.7050,87.7459
19.5000,51.7600,68.6435,69.1722,69.3082,69.5247,70.0535,89.9327
20.0000,54.5674,68.8939,69.4595,69.6047,69.8366,70.4021,90.8665
20.5000,50.8269,69.1401,69.7432,69.8982,70.1453,70.7485,90.7689
21.0000,50.8414,69.3808,70.0244,70.1894,70.4536,71.0973,93.4283
21.5000,50.9432,69.6181,70.3031,70.4789,70.7600,71.4452,91.5792
22.0000,50.5233,69.8498,70.5795,70.7668,71.0661,71.7957,93.5472
22.5000,50.2704,70.0785,70.8540,71.0528,71.3712,72.1468,96.0607
23.0000,51.6084,70.3011,71.1266,71.3381,71.6771,72.5026,96.7592
23.5000,49.6690,70.5202,71.3976,71.6220,71.9825,72.8597,97.0956
24.0000,51.8645,70.7341,71.6673,71.9054,72.2897,73.2231,98.2404
24.5000,47.4651,70.9454,71.9364,72.1883,72.5972,73.5883,98.4143
25.0000,47.8127,71.1541,72.2050,72.4710,72.9058,73.9566,99.0485
25.5000,49.6107,71.3581,72.4729,72.7546,73.2161,74.3307,99.9768
26.0000,53.7365,71.5578,72.7410,73.0395,73.5302,74.7140,105.5397
26.5000,53.5237,71.7525,73.0071,73.3244,73.8442,75.0998,104.1360
27.0000,50.3780,71.9424,73.2750,73.6117,74.1636,75.4963,103.0918
27.5000,48.5977,72.1301,73.5421,73.8989,74.4839,75.8966,105.6249
28.0000,49.6818,72.3121,73.8108,74.1896,74.8101,76.3090,110.0184
28.5000,47.9794,72.4914,74.0799,74.4818,75.1393,76.7282,110.4704
29.0000,49.1017,72.6621,74.3507,74.7764,75.4768,77.1658,117.0710
29.5000,50.1070,72.8273,74.6222,75.0737,75.8195,77.6148,112.9340
30.0000,45.2704,72.9904,74.8947,75.3733,76.1644,78.0688,112.9102
30.5000,48.5987,73.1432,75.1699,75.6768,76.5210,78.5477,113.0386
31.0000,51.4962,73.2925,75.4454,75.9839,76.8807,79.0329,116.4555
31.5000,50.4057,73.4355,75.7234,76.2947,77.2486,79.5364,115.9139
32.0000,48.4747,73.5772,76.0047,76.6096,77.6234,80.0509,116.0752
32.5000,47.1748,73.6984,76.2878,76.9319,78.0144,80.6042,118.0735
33.0000,47.4155,73.8198,76.5753,77.2572,78.4125,81.1665,121.9954
33.5000,45.8314,73.9363,76.8651,77.5873,78.8178,81.7465,118.8682
34.0000,49.5384,74.0457,77.1585,77.9224,79.2346,82.3457,122.3907
34.5000,51.5913,74.1248,77.4553,78.2675,79.6763,83.0077,122.9025
35.0000,51.7309,74.1979,77.7573,78.6212,80.1306,83.6901,127.6367
35.5000,46.8890,74.2633,78.0626,78.9806,80.5967,84.3978,126.5783
36.0000,50.7178,74.3058,78.3712,79.3497,81.0820,85.1481,131.8958
36.5000,49.1167,74.3473,78.6875,79.7275,81.5819,85.9225,133.3988
37.0000,47.0196,74.3626,79.0073,80.1187,82.1041,86.7485,141.2504
37.5000,48.0258,74.3440,79.3344,80.5191,82.6624,87.6537,136.0943
38.0000,47.6670,74.3172,79.6652,80.9251,83.2305,88.5779,147.1243
38.5000,48.5073,74.2510,79.9998,81.3475,83.8326,89.5815,139.6556
39.0000,46.4727,74.1549,80.3441,81.7850,84.4718,90.6630,150.1930
39.5000,45.0219,74.0508,80.6896,82.2281,85.1203,91.7657,150.2225
40.0000,50.3589,73.9106,81.0482,82.6981,85.8099,92.9518,153.5229
40.5000,50.0390,73.7399,81.4138,83.1700,86.5299,94.2038,156.5875
41.0000,48.4517,73.5151,81.7831,83.6594,87.2952,95.5621,155.3382
41.5000,46.8558,73.2684,82.1537,84.1581,88.0787,96.9652,156.6357
42.0000,46.0716,73.0347,82.5280,84.6722,88.8586,98.3536,156.2389
42.5000,48.9439,72.7704,82.9076,85.2101,89.6680,99.8067,157.6782
43.0000,43.5932,72.4953,83.2953,85.7506,90.4967,101.2975,157.5627
43.5000,46.1313,72.2684,83.6779,86.2946,91.2847,102.6948,154.1782
44.0000,45.3261,71.9884,84.0555,86.8347,92.1010,104.1678,163.4604
44.5000,49.6326,71.7787,84.4220,87.3853,92.8532,105.4954,162.3215
45.0000,50.6562,71.7232,84.7653,87.9106,93.4602,106.5013,160.8268
45.5000,42.7171,71.5747,85.0664,88.4023,94.0633,107.5579,154.7013
46.0000,45.3001,71.3043,85.3081,88.8597,94.6440,108.6440,156.3709
46.5000,50.5018,71.0720,85.4473,89.2980,95.0381,109.4217,162.1304
47.0000,46.0928,70.7500,85.5531,89.6725,95.4241,110.2274,158.8624
47.5000,49.6504,70.1513,85.5485,90.0177,95.8158,111.2127,158.2284
48.0000,51.0582,69.4349,85.4697,90.3185,96.1754,112.2283,165.6042
48.5000,49.9735,68.6050,85.3146,90.5558,96.4552,113.1643,166.4009
49.0000,51.6268,67.8307,85.1655,90.7295,96.7376,114.0956,158.5513
49.5000,50.6449,67.1098,85.0506,90.8147,97.0120,114.9507,159.0607
50.0000,43.4896,66.4179,84.8799,90.7828,97.2132,115.6997,162.3833
50.5000,47.9247,65.6805,84.7338,90.5648,97.4407,116.4991,168.0892
51.0000,52.2082,65.2331,84.5942,90.2703,97.5085,116.8786,164.9092
51.5000,49.6119,64.9659,84.4739,89.9459,97.4924,117.0196,162.3844
52.0000,52.5086,64.7421,84.3668,89.6168,97.4552,117.0872,168.9785
52.5000,47.2522,64.9545,84.2781,89.3108,97.1743,116.5140,154.2756
53.0000,50.6659,65.5262,84.2106,89.0144,96.6679,115.3536,157.9854
53.5000,50.1572,66.2649,84.1350,88.7107,96.0808,113.9991,157.2618
54.0000,51.0017,66.9785,84.0636,88.4554,95.4660,112.5653,153.9772
54.5000,44.4531,67.7409,84.0161,88.2391,94.8793,111.1742,146.6915
55.0000,52.4102,68.3907,83.9603,88.0611,94.3432,109.9147,144.6757
55.5000,45.3682,69.0766,83.9368,87.9256,93.8476,108.7137,142.1029
56.0000,52.3656,69.7601,83.9117,87.8256,93.3485,107.5023,148.2299
56.5000,55.0271,70.3104,83.8901,87.7431,92.9445,106.5246,152.7513
57.0000,55.1744,70.7132,83.8598,87.6697,92.6269,105.7767,148.6546
57.5000,48.9705,71.1532,83.8568,87.6304,92.3288,105.0360,147.5502
58.0000,49.6751,71.5319,83.8617,87.5993,92.0839,104.4169,150.8803
58.5000,51.9664,71.8962,83.8745,87.5816,91.8626,103.8422,150.6886
59.0000,49.3539,72.2041,83.9042,87.5847,91.7053,103.4063,144.2657
59.5000,53.9157,72.5132,83.9455,87.5975,91.5813,103.0314,144.5833
60.0000,50.1118,72.6109,83.9789,87.5890,91.5600,102.9293,151.6188
60.5000,51.9282,72.7556,84.0259,87.6131,91.5400,102.8101,148.8151
61.0000,49.5984,72.7480,84.0725,87.6206,91.6232,102.9493,153.9503
61.5000,50.6322,72.8236,84.1458,87.6304,91.6950,103.0186,152.2298
62.0000,44.8583,72.8977,84.2371,87.6404,91.8004,103.1447,153.0855
62.5000,47.5369,72.9332,84.3250,87.6576,91.9241,103.3220,151.5010
63.0000,47.0556,73.0557,84.4298,87.6209,92.0129,103.3871,157.7303
63.5000,49.1045,73.2654,84.5712,87.5979,92.1112,103.4194,161.5762
64.0000,49.5116,73.5377,84.7389,87.5198,92.2074,103.4099,158.1560
64.5000,51.6580,73.4095,84.8171,87.5506,92.4257,103.8373,153.8635
65.0000,46.9405,72.7341,84.7136,87.6649,92.7013,104.6818,160.1027
65.5000,51.2833,71.8205,84.5345,87.7914,93.0169,105.7388,150.3466
66.0000,50.0421,70.8778,84.3155,87.9558,93.2821,106.7310,155.4144
66.5000,41.1728,69.9333,84.0714,88.1085,93.4972,107.6313,157.4617
67.0000,44.1527,68.9806,83.8276,88.2631,93.7320,108.5872,160.5704
67.5000,44.8698,67.9995,83.5395,88.3917,93.8999,109.4392,158.8916
68.0000,46.2119,67.1113,83.2487,88.4783,94.0082,110.1455,158.8894
68.5000,51.9295,66.2166,82.9643,88.4665,94.1373,110.8923,158.2044
69.0000,52.8125,65.4859,82.7200,88.3795,94.2211,111.4727,155.0302
69.5000,50.2366,64.8575,82.4962,88.2178,94.2814,111.9588,151.0884
70.0000,50.2706,64.2138,82.2798,88.0074,94.3594,112.4758,161.9070
70.5000,53.6946,63.7105,82.0740,87.7568,94.4182,112.9314,163.5540
71.0000,51.2210,63.2275,81.8943,87.5023,94.3667,113.0748,152.0365
71.5000,53.5580,63.2196,81.7447,87.2501,94.1128,112.6643,158.2345
72.0000,48.6468,63.4057,81.5994,86.9893,93.7420,111.9558,145.5220
72.5000,43.9429,63.7382,81.4891,86.6889,93.3329,111.0966,149.1693
73.0000,49.7280,64.2001,81.3860,86.4119,92.8549,110.0582,141.4541
73.5000,52.5261,64.7306,81.2854,86.1616,92.3690,108.9943,142.3378
74.0000,44.3809,65.1655,81.2144,85.9071,91.9180,107.9710,138.5267
74.5000,41.5148,65.7155,81.1316,85.6825,91.4191,106.8386,139.1022
75.0000,50.3193,66.3501,81.0766,85.4608,90.9000,105.6342,135.3887
75.5000,50.0166,66.8949,81.0336,85.2604,90.4656,104.6135,138.1397
76.0000,47.7614,67.4866,81.0017,85.0518,90.0170,103.5300,137.6804
76.5000,50.7051,68.0406,80.9719,84.8602,89.6037,102.5510,136.9018
77.0000,53.4929,68.6151,80.9529,84.6789,89.1788,101.5173,133.0202
77.5000,53.2721,69.1632,80.9130,84.5009,88.7518,100.5091,144.0065
78.0000,53.1256,69.7256,80.9042,84.3266,88.3571,99.5340,137.5959
78.5000,54.1167,70.2300,80.8900,84.1679,88.0062,98.6798,137.4508
79.0000,55.7521,70.6850,80.8920,84.0311,87.6975,97.9058,141.4216
79.5000,53.4751,71.1094,80.8881,83.8906,87.4081,97.1873,138.9859
80.0000,49.9982,71.4342,80.8840,83.7673,87.1841,96.6299,140.2761
80.5000,49.9278,71.7442,80.8851,83.6590,86.9826,96.1287,137.9202
81.0000,51.8806,72.0121,80.8949,83.5511,86.8194,95.7056,142.6955
81.5000,48.6576,72.2054,80.8818,83.4480,86.6660,95.3393,138.0466
82.0000,52.4925,72.3693,80.8612,83.3415,86.5240,95.0180,138.2617
82.5000,52.8324,72.4577,80.8387,83.2288,86.4274,94.8093,144.7376
83.0000,52.2632,72.5525,80.8193,83.1170,86.3313,94.5969,138.2504
83.5000,52.6269,72.6411,80.7998,83.0128,86.2395,94.3990,141.3077
84.0000,47.5536,72.6843,80.7827,82.9018,86.1839,94.2856,142.2171
84.5000,50.3266,72.7532,80.7723,82.7742,86.1194,94.1390,137.8592
85.0000,52.6034,72.8339,80.7575,82.6496,86.0415,93.9673,139.9004
85.5000,51.0360,72.9841,80.7674,82.5344,85.9572,93.7415,142.6653
86.0000,43.1636,73.0902,80.7637,82.4255,85.8799,93.5531,140.2422
86.5000,43.6600,73.2186,80.7672,82.3276,85.8000,93.3487,148.6102
87.0000,49.2078,73.3717,80.7845,82.2366,85.7267,93.1396,146.9885
87.5000,51.2276,73.5496,80.8091,82.1522,85.6490,92.9087,143.2814
88.0000,52.5132,73.7010,80.8386,82.0543,85.5979,92.7358,149.0116
88.5000,54.3252,73.9491,80.8942,81.9542,85.5243,92.4688,141.4355
89.0000,47.3936,74.2696,80.9696,81.8476,85.4364,92.1365,152.8148
89.5000,54.2404,74.7378,81.0749,81.7230,85.3001,91.6376,145.4294
90.0000,53.6550,74.8250,81.0676,81.6777,85.2303,91.4738,144.4346
90.5000,53.4597,74.5947,80.9748,81.6878,85.2286,91.6086,147.0426
91.0000,52.7422,74.2915,80.8826,81.7026,85.2767,91.8667,146.9756
91.5000,50.2999,73.9711,80.7947,81.7271,85.3451,92.1703,142.2459
92.0000,47.0131,73.6196,80.7149,81.7609,85.4452,92.5404,141.6867
92.5000,47.7913,73.2769,80.6415,81.7910,85.5520,92.9170,141.2087
93.0000,51.3351,72.9849,80.5742,81.8287,85.6343,93.2230,145.7948
93.5000,55.0483,72.6926,80.5237,81.8834,85.7460,93.5788,140.7660
94.0000,53.3364,72.2803,80.4571,81.9545,85.9104,94.0895,145.0065
94.5000,54.3214,71.9985,80.4132,82.0517,86.0257,94.4437,141.8794
95.0000,56.5027,71.6085,80.3570,82.1677,86.1916,94.9421,145.8190
95.5000,56.8604,71.3114,80.3007,82.2834,86.2955,95.2865,150.3023
96.0000,56.3607,70.9595,80.2516,82.4004,86.4480,95.7424,141.9540
96.5000,53.3131,70.6842,80.2024,82.5212,86.5490,96.0663,144.5149
97.0000,54.2218,70.3343,80.1479,82.6350,86.6980,96.5218,141.8502
97.5000,54.1868,70.0863,80.1063,82.7397,86.7949,96.8273,145.8715
98.0000,54.2158,69.7873,80.0613,82.8499,86.9171,97.2007,149.8315
98.5000,50.8718,69.4892,80.0231,82.9380,87.0473,97.5828,141.2597
99.0000,53.7790,69.1433,79.9714,83.0022,87.1955,98.0303,141.3433
99.5000,52.9610,68.5562,79.9290,83.0790,87.5114,98.8846,141.0100
100.0000,52.4068,67.8757,79.8820,83.1420,87.8917,99.9040,141.3016
100.5000,51.9679,67.2371,79.8379,83.2063,88.2421,100.8485,142.3043
101.0000,51.7600,66.7093,79.8048,83.2479,88.5536,101.6755,146.8262
101.5000,50.6252,66.1979,79.7809,83.2794,88.8395,102.4216,143.0204
102.0000,52.7540,65.6785,79.7464,83.2916,89.1408,103.2255,137.8027
102.5000,53.2327,65.3259,79.7221,83.2950,89.3244,103.7249,142.9568
103.0000,53.7626,65.0888,79.7018,83.3037,89.4456,104.0605,150.6223
103.5000,54.1777,64.9088,79.6868,83.2885,89.5452,104.3324,139.7014
104.0000,54.8658,64.7175,79.6704,83.2615,89.6654,104.6564,137.2335
104.5000,55.3737,64.6172,79.6694,83.2507,89.7182,104.7912,138.1145
105.0000,46.8899,64.6027,79.6599,83.2264,89.7206,104.8105,135.9189
105.5000,50.0873,64.6675,79.6539,83.1925,89.6539,104.6491,134.4573
106.0000,53.1661,65.1866,79.6431,83.1729,89.2904,103.7593,134.5910
106.5000,54.0011,66.0027,79.6555,83.1434,88.8033,102.5238,134.8694
107.0000,52.3132,66.6572,79.6569,83.0993,88.3387,101.3606,134.4563
107.5000,53.8157,67.2903,79.6646,83.0515,87.9154,100.2907,133.9478
108.0000,52.3643,67.8867,79.6826,83.0009,87.5499,99.3506,133.0938
108.5000,50.8602,68.4703,79.7060,82.9446,87.2041,98.4501,131.4473
109.0000,49.4569,68.9999,79.7321,82.8694,86.8887,97.6234,131.9085
109.5000,48.5592,69.5103,79.7658,82.8071,86.6086,96.8712,132.1981
110.0000,48.7025,69.9378,79.7983,82.7137,86.3733,96.2352,140.1455
110.5000,49.9338,70.3827,79.8261,82.5303,86.1239,95.5704,136.2620
111.0000,50.8336,70.8405,79.8730,82.3285,85.8966,94.9302,134.6593
111.5000,52.7585,71.2428,79.9248,82.1412,85.7129,94.3938,132.9597
112.0000,52.9366,71.5473,79.9622,81.9943,85.5749,93.9932,135.9820
112.5000,52.0958,71.7661,79.9867,81.8882,85.4671,93.6853,133.6156
113.0000,51.2712,71.8884,79.9905,81.8182,85.3933,93.4975,133.3806
113.5000,50.5229,72.0094,79.9816,81.7550,85.2965,93.2671,135.4780
114.0000,49.9425,71.9692,79.9535,81.6881,85.2774,93.2619,136.3402
114.5000,49.6392,71.9591,79.9257,81.6326,85.2404,93.2122,142.4991
115.0000,49.6966,71.8588,79.8802,81.5910,85.2290,93.2521,132.9520
115.5000,49.2203,71.7460,79.8309,81.5547,85.2226,93.3093,138.9394
116.0000,47.4026,71.6381,79.7807,81.5111,85.2106,93.3548,136.9038
116.5000,46.2973,71.4841,79.7346,81.4742,85.2354,93.4852,131.3775
117.0000,46.7746,71.3547,79.6942,81.4366,85.2556,93.5964,136.6910
117.5000,48.5318,71.1902,79.6497,81.3970,85.2958,93.7646,134.8488
118.0000,49.2948,71.0525,79.6097,81.3671,85.3152,93.8710,134.2965
118.5000,49.1397,70.9377,79.5800,81.3348,85.3484,94.0000,145.8762
119.0000,49.5578,70.8330,79.5582,81.3107,85.3791,94.1103,136.9082
119.5000,49.6195,70.6985,79.5371,81.2888,85.4295,94.2653,142.9471
120.0000,48.9999,70.6290,79.5259,81.2608,85.4617,94.3628,137.3471
120.5000,49.2299,70.5664,79.5225,81.2457,85.4965,94.4571,134.2486
121.0000,50.1380,70.4861,79.5203,81.2187,85.5444,94.5779,139.4405
121.5000,51.3672,70.4416,79.5224,81.1962,85.5795,94.6647,142.7132
122.0000,52.4610,70.3968,79.5314,81.1796,85.6249,94.7628,137.2057
122.5000,53.4323,70.3636,79.5404,81.1736,85.6597,94.8382,137.5527
123.0000,52.8566,70.3511,79.5569,81.1684,85.6967,94.9062,145.3620
123.5000,51.5594,70.3924,79.5838,81.1546,85.7140,94.9091,144.3396
124.0000,50.0943,70.3884,79.6095,81.1417,85.7577,94.9800,139.0646
124.5000,48.4351,70.4600,79.6389,81.1249,85.7587,94.9380,140.4268
125.0000,46.5987,70.5484,79.6717,81.1105,85.7560,94.8823,136.3331
125.5000,44.7755,70.5988,79.7090,81.1095,85.7884,94.9072,140.2123
126.0000,43.5920,70.6519,79.7406,81.1057,85.8011,94.8917,136.5903
126.5000,43.8863,70.8459,79.7765,81.1030,85.7352,94.6722,138.1913
127.0000,45.4728,70.9981,79.8143,81.1086,85.6934,94.5120,141.5750
127.5000,47.4688,71.1580,79.8560,81.1274,85.6582,94.3609,138.3365
128.0000,49.3941,71.2966,79.8929,81.1725,85.6238,94.2182,142.5195
128.5000,49.5950,71.4249,79.9307,81.2480,85.6012,94.1068,150.0066
129.0000,50.4579,71.6310,79.9703,81.3486,85.5307,93.8713,142.7804
129.5000,51.9445,71.8154,80.0143,81.4589,85.4810,93.6768,135.1126
130.0000,49.6533,72.0328,80.0553,81.5684,85.4041,93.4243,144.4830
130.5000,48.5417,72.2550,80.0989,81.6826,85.3300,93.1745,141.9890
131.0000,50.7542,72.4834,80.1388,81.8029,85.2472,92.9095,140.4420
131.5000,50.2542,72.7011,80.1801,81.9225,85.1662,92.6441,135.4064
132.0000,48.2970,72.9058,80.2178,82.0428,85.0931,92.4054,140.3584
132.5000,46.1068,73.1132,80.2514,82.1653,85.0106,92.1472,136.8829
133.0000,43.5804,73.3366,80.2880,82.2856,84.9226,91.8740,140.7198
133.5000,42.7189,73.5320,80.3261,82.4114,84.8558,91.6500,139.7298
134.0000,44.2318,73.7263,80.3558,82.5313,84.7779,91.4108,150.4494
134.5000,46.4950,73.8677,80.4017,82.6635,84.7580,91.2916,138.8128
135.0000,48.5421,73.8830,80.4409,82.7954,84.8130,91.3690,136.8780
135.5000,47.0831,73.6604,80.4796,82.9347,85.0260,91.8456,136.8807
136.0000,49.6020,73.3869,80.5288,83.0760,85.2904,92.4322,139.0040
136.5000,50.4726,73.0742,80.5690,83.2204,85.5689,93.0681,146.7775
137.0000,49.4295,72.7648,80.6109,83.3616,85.8436,93.6921,138.6203
137.5000,47.9573,72.4244,80.6590,83.5076,86.1493,94.3845,137.3920
138.0000,47.4060,72.0896,80.7049,83.6639,86.4491,95.0637,143.8239
138.5000,42.0214,71.7222,80.7481,83.8248,86.7675,95.7964,142.3020
139.0000,43.3733,71.3199,80.7946,83.9923,87.1122,96.5851,140.5814
139.5000,48.0329,70.9175,80.8482,84.1575,87.4694,97.3988,145.8873
140.0000,49.2397,70.4723,80.9078,84.3318,87.8658,98.2997,141.4535
140.5000,48.7870,70.0228,80.9738,84.5220,88.2762,99.2287,141.8073
141.0000,48.5196,69.5416,81.0347,84.7156,88.7009,100.1998,140.9507
141.5000,48.4510,69.0193,81.0939,84.9163,89.1442,101.2180,143.0544
142.0000,48.5729,68.4713,81.1654,85.1315,89.6292,102.3195,134.6254
142.5000,48.8576,67.8357,81.2365,85.3687,90.1708,103.5672,139.9925
143.0000,49.2670,67.1789,81.3258,85.6325,90.7621,104.9119,141.6762
143.5000,49.7618,66.4081,81.4132,85.8915,91.4171,106.4101,137.0121
144.0000,47.8077,65.5774,81.4957,86.1706,92.1326,108.0776,140.6999
144.5000,48.1400,64.5982,81.5922,86.4685,92.9240,109.9210,149.9817
145.0000,50.0942,63.5740,81.6998,86.8026,93.8351,111.9896,151.2335
145.5000,47.4319,62.2085,81.7940,87.1666,94.8581,114.4493,139.3543
146.0000,50.6953,60.8049,81.9210,87.5512,96.0123,117.1437,155.7280
146.5000,50.7292,59.1437,82.0503,87.9720,97.4262,120.4836,151.4436
147.0000,52.1416,57.0933,82.1813,88.4515,99.0627,124.3790,146.9446
147.5000,52.4300,55.3014,82.3247,88.9649,100.4367,127.5764,145.8301
148.0000,52.8539,56.3369,82.4857,89.5140,100.0914,126.4846,144.6466
148.5000,51.9586,57.2484,82.6494,90.1331,99.6018,125.0171,143.5112
149.0000,50.0106,58.4379,82.8335,90.8284,99.1417,123.6016,147.8377
149.5000,51.0639,59.5916,83.0264,91.6021,98.6838,122.1685,147.0378
150.0000,49.9332,60.8802,83.2484,92.4354,98.1997,120.6254,144.9486
150.5000,46.8949,62.1681,83.4771,92.2208,97.7832,119.2405,144.1116
151.0000,46.7427,63.3614,83.7421,91.8446,97.3647,117.7971,142.1689
151.5000,49.6904,64.6465,84.0248,91.4677,96.9472,116.3273,140.5974
152.0000,50.4756,66.0108,84.3296,91.0845,96.5467,114.8701,145.5451
152.5000,49.2205,67.3680,84.6359,90.7186,96.1539,113.4307,141.6499
153.0000,48.0298,68.7478,84.9656,90.3672,95.7787,111.9956,139.6159
153.5000,47.1121,70.3628,85.3556,90.0038,95.3548,110.3532,141.5231
154.0000,46.7502,71.9618,85.7655,89.6535,94.9727,108.7831,142.1227
154.5000,47.1028,73.6451,86.2298,89.3073,94.6203,107.2055,142.5557
155.0000,48.0368,74.4623,86.3301,88.9771,94.2441,106.1137,143.9519
155.5000,49.2705,74.4356,86.0715,88.6590,93.8288,105.4633,141.2984
156.0000,50.5840,74.2971,85.7992,88.3377,93.4707,104.9775,139.0562
156.5000,50.2021,74.1102,85.5252,88.0144,93.1397,104.5602,139.6662
157.0000,49.1815,73.9919,85.2600,87.6810,92.7749,104.0470,138.2792
157.5000,47.2443,73.8940,84.9934,87.3622,92.3939,103.4945,142.4534
158.0000,44.9097,73.7988,84.7379,87.0560,92.0331,102.9695,139.5948
158.5000,42.3953,73.7487,84.4800,86.7597,91.6455,102.3920,145.3142
159.0000,41.1476,73.6992,84.2328,86.4580,91.2554,101.7890,139.0661
159.5000,42.7916,73.6416,83.9900,86.1566,90.8904,101.2382,137.6909
160.0000,45.6391,73.6172,83.7525,85.8580,90.5109,100.6479,139.0042
