frequency_hz,mean_db,std_db,min_db,q25_db,q75_db,max_db
10.0000,62.5160,0.0891,60.5672,62.4723,62.5455,66.8492
10.5000,62.9966,0.1227,59.0194,62.9273,63.0089,67.6214
11.0000,63.4479,0.1464,57.8943,63.3643,63.4548,69.9842
11.5000,63.8881,0.1607,57.4740,63.7850,63.8851,70.3569
12.0000,64.2474,0.1735,58.9824,64.1908,64.3011,70.5169
12.5000,64.6248,0.2053,57.3048,64.5834,64.7043,73.9463
13.0000,65.0392,0.2312,56.9619,64.9638,65.0960,72.9571
13.5000,65.4452,0.2652,56.2579,65.3331,65.4772,73.9676
14.0000,65.7810,0.3043,55.7320,65.6921,65.8491,76.8821
14.5000,66.1204,0.3291,56.0288,66.0419,66.2121,77.6301
15.0000,66.5053,0.3563,55.1988,66.3832,66.5676,76.8260
15.5000,66.8360,0.3909,55.7697,66.7168,66.9159,81.3922
16.0000,67.1545,0.4311,53.6728,67.0431,67.2581,81.1323
16.5000,67.5153,0.4638,54.1142,67.3627,67.5949,83.8943
17.0000,67.8195,0.4980,54.1221,67.6764,67.9264,81.8232
17.5000,68.1394,0.5360,55.4390,67.9848,68.2533,82.2723
18.0000,68.4729,0.5774,55.3184,68.2882,68.5760,85.9995
18.5000,68.7561,0.6142,53.1291,68.5869,68.8949,87.4980
19.0000,69.0867,0.6401,53.1901,68.8815,69.2109,87.7459
19.5000,69.3766,0.6956,51.7600,69.1721,69.5247,89.9327
20.0000,69.6899,0.7428,54.5674,69.4595,69.8366,90.8665
20.5000,69.9872,0.7945,50.8269,69.7432,70.1453,90.7689
21.0000,70.2807,0.8694,50.8414,70.0244,70.4536,93.4283
21.5000,70.5833,0.8961,50.9432,70.3031,70.7600,91.5792
22.0000,70.8671,0.9698,50.5233,70.5795,71.0661,93.5472
22.5000,71.1800,1.0205,50.2704,70.8540,71.3712,96.0607
23.0000,71.4618,1.1010,51.6084,71.1266,71.6771,96.7592
23.5000,71.7690,1.1692,49.6690,71.3976,71.9825,97.0956
24.0000,72.0475,1.2396,51.8645,71.6673,72.2897,98.2404
24.5000,72.3433,1.2807,47.4651,71.9364,72.5972,98.4143
25.0000,72.6317,1.3733,47.8127,72.2050,72.9058,99.0485
25.5000,72.9389,1.4645,49.6107,72.4729,73.2161,99.9768
26.0000,73.2327,1.5585,53.7365,72.7410,73.5302,105.5397
26.5000,73.5293,1.6312,53.5237,73.0071,73.8442,104.1360
27.0000,73.8221,1.6582,50.3780,73.2750,74.1636,103.0918
27.5000,74.1192,1.7510,48.5977,73.5421,74.4839,105.6249
28.0000,74.4249,1.8536,49.6818,73.8108,74.8101,110.0184
28.5000,74.7397,1.9703,47.9794,74.0799,75.1393,110.4704
29.0000,75.0551,2.0575,49.1017,74.3507,75.4768,117.0710
29.5000,75.3735,2.1425,50.1070,74.6222,75.8195,112.9340
30.0000,75.6955,2.2517,45.2704,74.8947,76.1644,112.9102
30.5000,76.0186,2.3650,48.5987,75.1699,76.5210,113.0386
31.0000,76.3487,2.4631,51.4962,75.4454,76.8807,116.4555
31.5000,76.6833,2.6036,50.4057,75.7234,77.2486,115.9139
32.0000,77.0240,2.7114,48.4747,76.0047,77.6234,116.0752
32.5000,77.3783,2.8781,47.1748,76.2878,78.0144,118.0735
33.0000,77.7389,3.0120,47.4155,76.5753,78.4125,121.9954
33.5000,78.1016,3.1454,45.8314,76.8651,78.8178,118.8682
34.0000,78.4799,3.3228,49.5384,77.1585,79.2346,122.3907
34.5000,78.8761,3.5186,51.5913,77.4553,79.6763,122.9025
35.0000,79.2754,3.6906,51.7309,77.7573,80.1306,127.6367
35.5000,79.6857,3.8686,46.8890,78.0626,80.5967,126.5783
36.0000,80.1068,4.0880,50.7178,78.3712,81.0820,131.8958
36.5000,80.5486,4.3108,49.1167,78.6875,81.5819,133.3988
37.0000,81.0013,4.5593,47.0196,79.0073,82.1041,141.2504
37.5000,81.4674,4.7892,48.0258,79.3344,82.6624,136.0943
38.0000,81.9582,5.0568,47.6670,79.6652,83.2305,147.1243
38.5000,82.4558,5.3310,48.5073,79.9998,83.8326,139.6556
39.0000,82.9781,5.6227,46.4727,80.3441,84.4718,150.1930
39.5000,83.5228,5.9527,45.0219,80.6896,85.1203,150.2225
40.0000,84.0735,6.2464,50.3589,81.0482,85.8099,153.5229
40.5000,84.6673,6.6617,50.0390,81.4138,86.5299,156.5875
41.0000,85.2414,6.9453,48.4517,81.7831,87.2952,155.3382
41.5000,85.8120,7.2453,46.8558,82.1537,88.0787,156.6357
42.0000,86.4024,7.5641,46.0716,82.5280,88.8586,156.2389
42.5000,87.0139,7.9119,48.9439,82.9076,89.6680,157.6782
43.0000,87.6256,8.2662,43.5932,83.2953,90.4967,157.5627
43.5000,88.1942,8.5183,46.1313,83.6779,91.2847,154.1782
44.0000,88.7518,8.7978,45.3261,84.0555,92.1010,163.4604
44.5000,89.2528,8.9536,49.6326,84.4220,92.8532,162.3215
45.0000,89.7206,9.1617,50.6562,84.7653,93.4602,160.8268
45.5000,90.1381,9.3053,42.7171,85.0664,94.0633,154.7013
46.0000,90.5070,9.4127,45.3001,85.3081,94.6440,156.3709
46.5000,90.8334,9.5451,50.5018,85.4473,95.0381,162.1304
47.0000,91.1109,9.6597,46.0928,85.5531,95.4241,158.8624
47.5000,91.3448,9.7523,49.6504,85.5485,95.8158,158.2284
48.0000,91.5486,9.8859,51.0582,85.4697,96.1754,165.6042
48.5000,91.6904,9.9440,49.9735,85.3146,96.4552,166.4009
49.0000,91.8221,10.0770,51.6268,85.1655,96.7376,158.5513
49.5000,91.9131,10.2171,50.6449,85.0506,97.0120,159.0607
50.0000,91.9473,10.3315,43.4896,84.8799,97.2132,162.3833
50.5000,91.9354,10.4123,47.9247,84.7338,97.4407,168.0892
51.0000,91.8801,10.4776,52.2082,84.5942,97.5085,164.9092
51.5000,91.7801,10.5159,49.6119,84.4739,97.4924,162.3844
52.0000,91.6626,10.5774,52.5086,84.3668,97.4552,168.9785
52.5000,91.4810,10.5477,47.2522,84.2781,97.1743,154.2756
53.0000,91.2510,10.4647,50.6659,84.2106,96.6679,157.9854
53.5000,90.9848,10.3604,50.1572,84.1350,96.0808,157.2618
54.0000,90.6773,10.1337,51.0017,84.0636,95.4660,153.9772
54.5000,90.2921,9.7128,44.4531,84.0161,94.8793,146.6915
55.0000,89.9330,9.3043,52.4102,83.9603,94.3432,144.6757
55.5000,89.6159,8.9679,45.3682,83.9368,93.8476,142.1029
56.0000,89.3371,8.6681,52.3656,83.9117,93.3485,148.2299
56.5000,89.1310,8.4770,55.0271,83.8901,92.9445,152.7513
57.0000,88.9451,8.2811,55.1744,83.8598,92.6269,148.6546
57.5000,88.8105,8.1603,48.9705,83.8568,92.3288,147.5502
58.0000,88.7324,8.1416,49.6751,83.8617,92.0839,150.8803
58.5000,88.6575,8.0573,51.9664,83.8745,91.8626,150.6886
59.0000,88.6250,8.0065,49.3539,83.9042,91.7053,144.2657
59.5000,88.6391,8.0638,53.9157,83.9455,91.5813,144.5833
60.0000,88.6723,8.1341,50.1118,83.9789,91.5600,151.6188
60.5000,88.6941,8.1165,51.9282,84.0259,91.5400,148.8151
61.0000,88.7583,8.2035,49.5984,84.0725,91.6232,153.9503
61.5000,88.8313,8.2827,50.6322,84.1458,91.6950,152.2298
62.0000,88.9215,8.3692,44.8583,84.2371,91.8004,153.0855
62.5000,89.0191,8.4778,47.5369,84.3250,91.9241,151.5010
63.0000,89.0832,8.4902,47.0556,84.4298,92.0129,157.7303
63.5000,89.1629,8.5507,49.1045,84.5712,92.1112,161.5762
64.0000,89.2291,8.5989,49.5116,84.7389,92.2074,158.1560
64.5000,89.3115,8.6778,51.6580,84.8171,92.4257,153.8635
65.0000,89.4105,8.8396,46.9405,84.7136,92.7013,160.1027
65.5000,89.4838,8.9580,51.2833,84.5345,93.0169,150.3466
66.0000,89.5549,9.1008,50.0421,84.3155,93.2821,155.4144
66.5000,89.5733,9.1561,41.1728,84.0714,93.4972,157.4617
67.0000,89.6144,9.3053,44.1527,83.8276,93.7320,160.5704
67.5000,89.5989,9.3696,44.8698,83.5395,93.8999,158.8916
68.0000,89.5805,9.4926,46.2119,83.2487,94.0082,158.8894
68.5000,89.5478,9.6039,51.9295,82.9643,94.1373,158.2044
69.0000,89.4960,9.7105,52.8125,82.7200,94.2211,155.0302
69.5000,89.4244,9.7940,50.2366,82.4962,94.2814,151.0884
70.0000,89.3389,9.8883,50.2706,82.2798,94.3594,161.9070
70.5000,89.2274,9.9631,53.6946,82.0740,94.4182,163.5540
71.0000,89.0831,10.0070,51.2210,81.8943,94.3667,152.0365
71.5000,88.9238,10.0447,53.5580,81.7447,94.1128,158.2345
72.0000,88.7403,10.0582,48.6468,81.5993,93.7420,145.5220
72.5000,88.5403,10.0936,43.9429,81.4891,93.3329,149.1693
73.0000,88.2014,9.8033,49.7280,81.3860,92.8549,141.4541
73.5000,87.8369,9.4534,52.5261,81.2854,92.3690,142.3378
74.0000,87.4798,9.1357,44.3809,81.2144,91.9180,138.5267
74.5000,87.1356,8.8305,41.5148,81.1316,91.4191,139.1022
75.0000,86.8221,8.5754,50.3193,81.0766,90.9000,135.3887
75.5000,86.5347,8.3404,50.0166,81.0336,90.4656,138.1397
76.0000,86.2739,8.1560,47.7614,81.0017,90.0170,137.6804
76.5000,86.0336,7.9831,50.7051,80.9719,89.6037,136.9018
77.0000,85.8142,7.8393,53.4929,80.9529,89.1788,133.0202
77.5000,85.6228,7.7276,53.2721,80.9130,88.7518,144.0065
78.0000,85.4468,7.6305,53.1256,80.9042,88.3571,137.5959
78.5000,85.2874,7.5393,54.1167,80.8900,88.0062,137.4508
79.0000,85.1557,7.4934,55.7521,80.8920,87.6975,141.4216
79.5000,85.0025,7.3704,53.4751,80.8881,87.4081,138.9859
80.0000,84.8873,7.3303,49.9982,80.8840,87.1841,140.2761
80.5000,84.7673,7.2162,49.9278,80.8851,86.9826,137.9202
81.0000,84.6954,7.2330,51.8806,80.8949,86.8194,142.6955
81.5000,84.6165,7.2105,48.6576,80.8818,86.6660,138.0466
82.0000,84.5568,7.2343,52.4925,80.8612,86.5240,138.2617
82.5000,84.4945,7.2278,52.8324,80.8387,86.4274,144.7376
83.0000,84.4319,7.1977,52.2632,80.8193,86.3313,138.2504
83.5000,84.3782,7.1747,52.6269,80.7998,86.2395,141.3077
84.0000,84.3359,7.1758,47.5536,80.7827,86.1839,142.2171
84.5000,84.2968,7.1801,50.3266,80.7723,86.1194,137.8592
85.0000,84.2555,7.1655,52.6034,80.7575,86.0415,139.9004
85.5000,84.2083,7.1491,51.0360,80.7674,85.9572,142.6653
86.0000,84.1639,7.1167,43.1636,80.7637,85.8799,140.2422
86.5000,84.1498,7.1716,43.6600,80.7672,85.8000,148.6102
87.0000,84.1375,7.2123,49.2078,80.7845,85.7267,146.9885
87.5000,84.1254,7.2622,51.2276,80.8091,85.6490,143.2814
88.0000,84.0996,7.2674,52.5132,80.8386,85.5979,149.0116
88.5000,84.0575,7.2072,54.3252,80.8942,85.5243,141.4355
89.0000,84.0181,7.1779,47.3936,80.9696,85.4364,152.8148
89.5000,83.9815,7.1694,54.2404,81.0749,85.3001,145.4294
90.0000,83.9665,7.1623,53.6550,81.0676,85.2303,144.4346
90.5000,83.9641,7.1519,53.4597,80.9748,85.2286,147.0426
91.0000,83.9657,7.1437,52.7422,80.8826,85.2767,146.9756
91.5000,83.9897,7.1859,50.2999,80.7947,85.3451,142.2459
92.0000,84.0214,7.2009,47.0131,80.7149,85.4452,141.6867
92.5000,84.0553,7.2444,47.7913,80.6415,85.5520,141.2087
93.0000,84.0838,7.2864,51.3351,80.5742,85.6343,145.7948
93.5000,84.1241,7.3101,55.0483,80.5237,85.7460,140.7660
94.0000,84.1770,7.3679,53.3364,80.4570,85.9104,145.0065
94.5000,84.2150,7.3653,54.3214,80.4132,86.0257,141.8794
95.0000,84.2645,7.4118,56.5027,80.3570,86.1916,145.8190
95.5000,84.3071,7.4380,56.8604,80.3007,86.2955,150.3023
96.0000,84.3304,7.4264,56.3607,80.2516,86.4480,141.9540
96.5000,84.3764,7.4539,53.3131,80.2024,86.5490,144.5149
97.0000,84.4260,7.4828,54.2218,80.1479,86.6980,141.8502
97.5000,84.4977,7.5851,54.1868,80.1063,86.7949,145.8715
98.0000,84.5414,7.6015,54.2158,80.0613,86.9171,149.8315
98.5000,84.6121,7.6750,50.8718,80.0231,87.0473,141.2597
99.0000,84.6777,7.7156,53.7790,79.9714,87.1955,141.3433
99.5000,84.7519,7.7751,52.9610,79.9290,87.5114,141.0100
100.0000,84.8235,7.8384,52.4068,79.8820,87.8917,141.3016
100.5000,84.8970,7.8858,51.9679,79.8379,88.2421,142.3043
101.0000,85.0007,8.0024,51.7600,79.8048,88.5536,146.8262
101.5000,85.1210,8.1413,50.6252,79.7809,88.8395,143.0204
102.0000,85.2506,8.2648,52.7540,79.7464,89.1408,137.8027
102.5000,85.4496,8.5900,53.2327,79.7221,89.3244,142.9568
103.0000,85.7800,9.3535,53.7626,79.7018,89.4456,150.6223
103.5000,85.8708,9.4242,54.1777,79.6868,89.5452,139.7014
104.0000,85.8400,9.3237,54.8658,79.6704,89.6654,137.2335
104.5000,85.7311,9.1061,55.3737,79.6694,89.7182,138.1145
105.0000,85.5939,8.8978,46.8899,79.6599,89.7206,135.9189
105.5000,85.4317,8.6734,50.0873,79.6539,89.6539,134.4573
106.0000,85.2539,8.4419,53.1661,79.6431,89.2904,134.5910
106.5000,85.1047,8.2834,54.0011,79.6555,88.8033,134.8694
107.0000,84.9601,8.1551,52.3132,79.6569,88.3387,134.4563
107.5000,84.7989,7.9764,53.8157,79.6646,87.9154,133.9478
108.0000,84.6530,7.8589,52.3643,79.6826,87.5499,133.0938
108.5000,84.5063,7.7280,50.8602,79.7060,87.2041,131.4473
109.0000,84.3568,7.5672,49.4569,79.7321,86.8887,131.9085
109.5000,84.2342,7.4802,48.5592,79.7658,86.6086,132.1981
110.0000,84.1051,7.3630,48.7025,79.7983,86.3733,140.1455
110.5000,83.9933,7.2856,49.9338,79.8261,86.1239,136.2620
111.0000,83.8821,7.1840,50.8336,79.8730,85.8966,134.6593
111.5000,83.7959,7.1599,52.7585,79.9248,85.7129,132.9597
112.0000,83.7111,7.0944,52.9366,79.9622,85.5749,135.9820
112.5000,83.6544,7.0643,52.0958,79.9867,85.4671,133.6156
113.0000,83.6110,7.0689,51.2712,79.9905,85.3933,133.3806
113.5000,83.5762,7.1062,50.5229,79.9816,85.2965,135.4780
114.0000,83.5215,7.0337,49.9425,79.9535,85.2774,136.3402
114.5000,83.4921,7.0190,49.6392,79.9257,85.2404,142.4991
115.0000,83.4786,7.0383,49.6966,79.8802,85.2290,132.9520
115.5000,83.4711,7.0788,49.2203,79.8309,85.2226,138.9394
116.0000,83.4319,7.0197,47.4026,79.7807,85.2106,136.9038
116.5000,83.4134,7.0065,46.2973,79.7346,85.2354,131.3775
117.0000,83.4169,7.0462,46.7746,79.6942,85.2556,136.6910
117.5000,83.4209,7.0853,48.5318,79.6497,85.2958,134.8488
118.0000,83.4162,7.0802,49.2948,79.6097,85.3152,134.2965
118.5000,83.4205,7.0969,49.1397,79.5800,85.3484,145.8762
119.0000,83.4308,7.1109,49.5578,79.5582,85.3791,136.9082
119.5000,83.4616,7.1869,49.6195,79.5371,85.4295,142.9471
120.0000,83.4669,7.1665,48.9999,79.5259,85.4617,137.3471
120.5000,83.4875,7.2063,49.2299,79.5225,85.4965,134.2486
121.0000,83.5181,7.2760,50.1380,79.5202,85.5444,139.4405
121.5000,83.5487,7.3385,51.3672,79.5224,85.5795,142.7132
122.0000,83.5567,7.3031,52.4610,79.5314,85.6249,137.2057
122.5000,83.5883,7.3715,53.4323,79.5404,85.6597,137.5527
123.0000,83.5915,7.3375,52.8566,79.5569,85.6967,145.3620
123.5000,83.6034,7.3390,51.5594,79.5838,85.7140,144.3396
124.0000,83.6196,7.3459,50.0943,79.6095,85.7577,139.0646
124.5000,83.6344,7.3569,48.4351,79.6389,85.7587,140.4268
125.0000,83.6513,7.3810,46.5987,79.6717,85.7560,136.3331
125.5000,83.6772,7.4025,44.7755,79.7090,85.7884,140.2123
126.0000,83.6949,7.4205,43.5920,79.7406,85.8011,136.5903
126.5000,83.6992,7.4260,43.8863,79.7765,85.7352,138.1913
127.0000,83.6986,7.3933,45.4728,79.8143,85.6934,141.5750
127.5000,83.7032,7.3855,47.4688,79.8559,85.6582,138.3365
128.0000,83.6992,7.3515,49.3941,79.8929,85.6238,142.5195
128.5000,83.7010,7.3150,49.5950,79.9307,85.6012,150.0066
129.0000,83.7065,7.2809,50.4579,79.9703,85.5307,142.7804
129.5000,83.7274,7.2937,51.9445,80.0143,85.4810,135.1126
130.0000,83.7466,7.3122,49.6533,80.0553,85.4041,144.4830
130.5000,83.7456,7.2584,48.5417,80.0989,85.3300,141.9890
131.0000,83.7513,7.2124,50.7542,80.1388,85.2472,140.4420
131.5000,83.7571,7.1614,50.2542,80.1801,85.1662,135.4064
132.0000,83.7584,7.0785,48.2970,80.2178,85.0931,140.3584
132.5000,83.7689,7.0267,46.1068,80.2514,85.0106,136.8829
133.0000,83.7881,6.9838,43.5804,80.2880,84.9226,140.7198
133.5000,83.8110,6.9205,42.7189,80.3261,84.8558,139.7298
134.0000,83.8464,6.8897,44.2318,80.3558,84.7779,150.4494
134.5000,83.8807,6.8470,46.4950,80.4017,84.7580,138.8128
135.0000,83.9182,6.7796,48.5421,80.4409,84.8130,136.8780
135.5000,83.9679,6.7298,47.0831,80.4796,85.0260,136.8807
136.0000,84.0275,6.6823,49.6020,80.5288,85.2904,139.0040
136.5000,84.0899,6.6495,50.4726,80.5690,85.5688,146.7775
137.0000,84.1685,6.6202,49.4295,80.6109,85.8436,138.6203
137.5000,84.2517,6.5796,47.9573,80.6590,86.1493,137.3920
138.0000,84.3360,6.5166,47.4060,80.7049,86.4491,143.8239
138.5000,84.4364,6.4855,42.0214,80.7481,86.7675,142.3020
139.0000,84.5434,6.4386,43.3733,80.7946,87.1122,140.5814
139.5000,84.6581,6.3467,48.0329,80.8482,87.4694,145.8873
140.0000,84.8128,6.3541,49.2397,80.9078,87.8658,141.4535
140.5000,84.9900,6.3996,48.7870,80.9738,88.2762,141.8073
141.0000,85.1730,6.4006,48.5196,81.0347,88.7009,140.9507
141.5000,85.3883,6.4615,48.4510,81.0939,89.1442,143.0544
142.0000,85.6400,6.5692,48.5729,81.1654,89.6292,134.6254
142.5000,85.9215,6.6954,48.8576,81.2365,90.1708,139.9925
143.0000,86.2482,6.8919,49.2670,81.3258,90.7621,141.6762
143.5000,86.6176,7.1281,49.7618,81.4132,91.4171,137.0121
144.0000,87.0494,7.4469,47.8077,81.4957,92.1326,140.6999
144.5000,87.5715,7.9068,48.1400,81.5922,92.9240,149.9817
145.0000,88.2223,8.5699,50.0942,81.6998,93.8351,151.2335
145.5000,89.1327,9.7676,47.4319,81.7940,94.8581,139.3543
146.0000,90.4015,11.7724,50.6953,81.9210,96.0123,155.7280
146.5000,91.1288,12.2301,50.7292,82.0503,97.4262,151.4436
147.0000,91.5705,12.2493,52.1416,82.1813,99.0627,146.9446
147.5000,91.8598,12.1315,52.4300,82.3247,100.4367,145.8301
148.0000,92.0193,11.8953,52.8539,82.4857,100.0914,144.6466
148.5000,92.1006,11.6239,51.9586,82.6494,99.6018,143.5112
149.0000,92.1465,11.3951,50.0106,82.8335,99.1417,147.8377
149.5000,92.1330,11.1235,51.0639,83.0264,98.6838,147.0378
150.0000,92.0909,10.8752,49.9332,83.2484,98.1997,144.9486
150.5000,92.0202,10.6414,46.8949,83.4771,97.7832,144.1116
151.0000,91.9143,10.3949,46.7427,83.7421,97.3647,142.1689
151.5000,91.7903,10.1567,49.6904,84.0248,96.9472,140.5974
152.0000,91.6596,9.9581,50.4756,84.3296,96.5467,145.5451
152.5000,91.4971,9.7333,49.2205,84.6359,96.1539,141.6499
153.0000,91.3375,9.5582,48.0298,84.9656,95.7787,139.6159
153.5000,91.1572,9.3772,47.1121,85.3556,95.3548,141.5231
154.0000,90.9631,9.1992,46.7502,85.7655,94.9727,142.1227
154.5000,90.7611,9.0355,47.1028,86.2298,94.6203,142.5557
155.0000,90.5559,8.9000,48.0368,86.3301,94.2440,143.9519
155.5000,90.3258,8.7146,49.2705,86.0715,93.8288,141.2984
156.0000,90.1024,8.5842,50.5840,85.7992,93.4707,139.0562
156.5000,89.8590,8.4170,50.2021,85.5252,93.1397,139.6662
157.0000,89.6263,8.3075,49.1815,85.2600,92.7749,138.2792
157.5000,89.3833,8.1943,47.2443,84.9934,92.3939,142.4534
158.0000,89.1239,8.0394,44.9097,84.7379,92.0331,139.5948
158.5000,88.8800,7.9444,42.3953,84.4800,91.6455,145.3142
159.0000,88.6291,7.8446,41.1476,84.2328,91.2554,139.0661
159.5000,88.3797,7.7527,42.7916,83.9900,90.8904,137.6909
160.0000,88.1200,7.6407,45.6391,83.7525,90.5109,139.0042
