frequency_hz,erp_db
3.000000000000000000e+01,7.484029636081675108e+01
3.025000000000000000e+01,7.497788392422860682e+01
3.050000000000000000e+01,7.511600848309429068e+01
3.075000000000000000e+01,7.525470467826592369e+01
3.100000000000000000e+01,7.539400782761619269e+01
3.125000000000000000e+01,7.553395397701781633e+01
3.150000000000000000e+01,7.567457995363780299e+01
3.175000000000000000e+01,7.581592342175137844e+01
3.200000000000000000e+01,7.595802294129568111e+01
3.225000000000000000e+01,7.610091802940051764e+01
3.250000000000000000e+01,7.624464922515295484e+01
3.275000000000000000e+01,7.638925815787308693e+01
3.300000000000000000e+01,7.653478761920210616e+01
3.325000000000000000e+01,7.668128163932955488e+01
3.350000000000000000e+01,7.682878556771547096e+01
3.375000000000000000e+01,7.697734615869505603e+01
3.400000000000000000e+01,7.712701166238892370e+01
3.425000000000000000e+01,7.727783192138177526e+01
3.450000000000000000e+01,7.742985847367570784e+01
3.475000000000000000e+01,7.758314466247416874e+01
3.500000000000000000e+01,7.773774575340647175e+01
3.525000000000000000e+01,7.789371905986452305e+01
3.550000000000000000e+01,7.805112407719160217e+01
3.575000000000000000e+01,7.821002262653973958e+01
3.600000000000000000e+01,7.837047900929832167e+01
3.625000000000000000e+01,7.853256017309360004e+01
3.650000000000000000e+01,7.869633589046739530e+01
3.675000000000000000e+01,7.886187895146660765e+01
3.700000000000000000e+01,7.902926537151401476e+01
3.725000000000000000e+01,7.919857461608843607e+01
3.750000000000000000e+01,7.936988984392027646e+01
3.775000000000000000e+01,7.954329817061211827e+01
3.800000000000000000e+01,7.971889095482484322e+01
3.825000000000000000e+01,7.989676410943327767e+01
3.850000000000000000e+01,8.007701844035767635e+01
3.875000000000000000e+01,8.025976001612322364e+01
3.900000000000000000e+01,8.044510057159706662e+01
3.925000000000000000e+01,8.063315794981113527e+01
3.950000000000000000e+01,8.082405658630779044e+01
3.975000000000000000e+01,8.101792804105897972e+01
4.000000000000000000e+01,8.121491158372015207e+01
4.025000000000000000e+01,8.141515483881127579e+01
4.050000000000000000e+01,8.161881449838364233e+01
4.075000000000000000e+01,8.182605711086787892e+01
4.100000000000000000e+01,8.203705995613159985e+01
4.125000000000000000e+01,8.225201201834943276e+01
4.150000000000000000e+01,8.247111507015064547e+01
4.175000000000000000e+01,8.269458488372239913e+01
4.200000000000000000e+01,8.292265258718613552e+01
4.225000000000000000e+01,8.315556618772359343e+01
4.250000000000000000e+01,8.339359228672896052e+01
4.275000000000000000e+01,8.363701801685036230e+01
4.300000000000000000e+01,8.388615323635043808e+01
4.325000000000000000e+01,8.414133302299988770e+01
4.350000000000000000e+01,8.440292051803081108e+01
4.375000000000000000e+01,8.467131018091562566e+01
4.400000000000000000e+01,8.494693152842108930e+01
4.425000000000000000e+01,8.523025344719094676e+01
4.450000000000000000e+01,8.552178918892805370e+01
4.475000000000000000e+01,8.582210218226168763e+01
4.500000000000000000e+01,8.613181282718366560e+01
4.525000000000000000e+01,8.645160647866066483e+01
4.550000000000000000e+01,8.678224287860479080e+01
4.575000000000000000e+01,8.712456736383300893e+01
4.600000000000000000e+01,8.747952426757862554e+01
4.625000000000000000e+01,8.784817305143025123e+01
4.650000000000000000e+01,8.823170786452922698e+01
4.675000000000000000e+01,8.863148144372600257e+01
4.700000000000000000e+01,8.904903456603443601e+01
4.725000000000000000e+01,8.948613267862918974e+01
4.750000000000000000e+01,8.994481191554710620e+01
4.775000000000000000e+01,9.042743754701442072e+01
4.800000000000000000e+01,9.093677912719299172e+01
4.825000000000000000e+01,9.147610841851003727e+01
4.850000000000000000e+01,9.204932892042398862e+01
4.875000000000000000e+01,9.266115010077876946e+01
4.900000000000000000e+01,9.331732623558693263e+01
4.925000000000000000e+01,9.402499094141747094e+01
4.950000000000000000e+01,9.479313746795911300e+01
4.975000000000000000e+01,9.563332832908619707e+01
5.000000000000000000e+01,9.656077973144576276e+01
5.025000000000000000e+01,9.759608676228540958e+01
5.050000000000000000e+01,9.876810539479726003e+01
5.075000000000000000e+01,1.001190685518627390e+02
5.100000000000000000e+01,1.017144025812516475e+02
5.125000000000000000e+01,1.036636191198060430e+02
5.150000000000000000e+01,1.061717773918287264e+02
5.175000000000000000e+01,1.096984104227281307e+02
5.200000000000000000e+01,1.157040774172902786e+02
5.225000000000000000e+01,1.503828238984330881e+02
5.250000000000000000e+01,1.158535402131305148e+02
5.275000000000000000e+01,1.098215723285105128e+02
5.300000000000000000e+01,1.063080599206387120e+02
5.325000000000000000e+01,1.038233085755581726e+02
5.350000000000000000e+01,1.019020986367410444e+02
5.375000000000000000e+01,1.003376005429653759e+02
5.400000000000000000e+01,9.901965809982445421e+01
5.425000000000000000e+01,9.788262990051902079e+01
5.450000000000000000e+01,9.688426676052506537e+01
5.475000000000000000e+01,9.599580433661068923e+01
5.500000000000000000e+01,9.519680711056955147e+01
5.525000000000000000e+01,9.447226778559272020e+01
5.550000000000000000e+01,9.381087348585606378e+01
5.575000000000000000e+01,9.320391784414596259e+01
5.600000000000000000e+01,9.264459076388475012e+01
5.625000000000000000e+01,9.212749928428590351e+01
5.650000000000000000e+01,9.164833539399765527e+01
5.675000000000000000e+01,9.120364041651141918e+01
5.700000000000000000e+01,9.079063471332625568e+01
5.725000000000000000e+01,9.040709270399916875e+01
5.750000000000000000e+01,9.005125005027113616e+01
5.775000000000000000e+01,8.972173414273802905e+01
5.800000000000000000e+01,8.941751178773159836e+01
5.825000000000000000e+01,8.913784980700485505e+01
5.850000000000000000e+01,8.888228548125655948e+01
5.875000000000000000e+01,8.865060460231207173e+01
5.900000000000000000e+01,8.844282548074230021e+01
5.925000000000000000e+01,8.825918767190609060e+01
5.950000000000000000e+01,8.810014449189978336e+01
5.975000000000000000e+01,8.796635863706342207e+01
6.000000000000000000e+01,8.785870042827218640e+01
6.025000000000000000e+01,8.777824840091888348e+01
6.050000000000000000e+01,8.772629217800890444e+01
6.075000000000000000e+01,8.770433782221994079e+01
6.100000000000000000e+01,8.771411619050836350e+01
6.125000000000000000e+01,8.775759524372287501e+01
6.150000000000000000e+01,8.783699783316471610e+01
6.175000000000000000e+01,8.795482724849286171e+01
6.200000000000000000e+01,8.811390384173348878e+01
6.225000000000000000e+01,8.831741745533955168e+01
6.250000000000000000e+01,8.856900236471471999e+01
6.275000000000000000e+01,8.887284431231307735e+01
6.300000000000000000e+01,8.923383350879117870e+01
6.325000000000000000e+01,8.965778418135411698e+01
6.350000000000000000e+01,9.015175213999964399e+01
6.375000000000000000e+01,9.072450025991274458e+01
6.400000000000000000e+01,9.138719430256529108e+01
6.425000000000000000e+01,9.215447159123412746e+01
6.450000000000000000e+01,9.304614204700848745e+01
6.475000000000000000e+01,9.409002347198175187e+01
6.500000000000000000e+01,9.532695495821860732e+01
6.525000000000000000e+01,9.682036670001591006e+01
6.550000000000000000e+01,9.867650921819861765e+01
6.575000000000000000e+01,1.010937928583641252e+02
6.600000000000000000e+01,1.045125212203761578e+02
6.625000000000000000e+01,1.102876121794605808e+02
6.650000000000000000e+01,1.271560157653381964e+02
6.675000000000000000e+01,1.108946345946391574e+02
6.700000000000000000e+01,1.047845808393105784e+02
6.725000000000000000e+01,1.012312557965656197e+02
6.750000000000000000e+01,9.872650354457049104e+01
6.775000000000000000e+01,9.679680148260658257e+01
6.800000000000000000e+01,9.523146639068067998e+01
6.825000000000000000e+01,9.391810867817399355e+01
6.850000000000000000e+01,9.278955365332419092e+01
6.875000000000000000e+01,9.180236922479889472e+01
6.900000000000000000e+01,9.092680519709185205e+01
6.925000000000000000e+01,9.014156125490025318e+01
6.950000000000000000e+01,8.943084419919811978e+01
6.975000000000000000e+01,8.878260807581688141e+01
7.000000000000000000e+01,8.818744835907828872e+01
7.025000000000000000e+01,8.763787817253459878e+01
7.050000000000000000e+01,8.712783803185543263e+01
7.075000000000000000e+01,8.665235390592323483e+01
7.100000000000000000e+01,8.620729262306342378e+01
7.125000000000000000e+01,8.578918301226346443e+01
7.150000000000000000e+01,8.539508255562169836e+01
7.175000000000000000e+01,8.502247625403623488e+01
7.200000000000000000e+01,8.466919874765505938e+01
7.225000000000000000e+01,8.433337352416180011e+01
7.250000000000000000e+01,8.401336488651999446e+01
7.275000000000000000e+01,8.370773958865362374e+01
7.300000000000000000e+01,8.341523589580104669e+01
7.325000000000000000e+01,8.313473841838315082e+01
7.350000000000000000e+01,8.286525748830953830e+01
7.375000000000000000e+01,8.260591214925040049e+01
7.400000000000000000e+01,8.235591605353776856e+01
7.425000000000000000e+01,8.211456572222476780e+01
7.450000000000000000e+01,8.188123074794332013e+01
7.475000000000000000e+01,8.165534561402388647e+01
7.500000000000000000e+01,8.143640287594845972e+01
7.525000000000000000e+01,8.122394750838796540e+01
7.550000000000000000e+01,8.101757226705251469e+01
7.575000000000000000e+01,8.081691395250915377e+01
7.600000000000000000e+01,8.062165049542073803e+01
7.625000000000000000e+01,8.043149881126197442e+01
7.650000000000000000e+01,8.024621339909559481e+01
7.675000000000000000e+01,8.006558568488280514e+01
7.700000000000000000e+01,7.988944413643869780e+01
7.725000000000000000e+01,7.971765520593419296e+01
7.750000000000000000e+01,7.955012518833608226e+01
7.775000000000000000e+01,7.938680312213938350e+01
7.800000000000000000e+01,7.922768490429083954e+01
7.825000000000000000e+01,7.907281884690436868e+01
7.850000000000000000e+01,7.892231297239840160e+01
7.875000000000000000e+01,7.877634442996588859e+01
7.900000000000000000e+01,7.863517152464460480e+01
7.925000000000000000e+01,7.849914898655130457e+01
7.950000000000000000e+01,7.836874727903361304e+01
7.975000000000000000e+01,7.824457695851005212e+01
8.000000000000000000e+01,7.812741936407542198e+01
8.025000000000000000e+01,7.801826523945710790e+01
8.050000000000000000e+01,7.791836327883407876e+01
8.075000000000000000e+01,7.782928103998911240e+01
8.100000000000000000e+01,7.775298116871813647e+01
8.125000000000000000e+01,7.769191638946732326e+01
8.150000000000000000e+01,7.764914716315006160e+01
8.175000000000000000e+01,7.762848616342239438e+01
8.200000000000000000e+01,7.763467357863626717e+01
8.225000000000000000e+01,7.767358645079092128e+01
8.250000000000000000e+01,7.775248357298850976e+01
8.275000000000000000e+01,7.788028487588837834e+01
8.300000000000000000e+01,7.806788146473743950e+01
8.325000000000000000e+01,7.832847191498855466e+01
8.350000000000000000e+01,7.867792767083804506e+01
8.375000000000000000e+01,7.913521620694737635e+01
8.400000000000000000e+01,7.972297333297852617e+01
8.425000000000000000e+01,8.046844448800668204e+01
8.450000000000000000e+01,8.140525617886683563e+01
8.475000000000000000e+01,8.257692566457150463e+01
8.500000000000000000e+01,8.404389370943776782e+01
8.525000000000000000e+01,8.589773520178937360e+01
8.550000000000000000e+01,8.829007800657011273e+01
8.575000000000000000e+01,9.148493025156500380e+01
8.600000000000000000e+01,9.580022714420715602e+01
8.625000000000000000e+01,9.911422512028492804e+01
8.650000000000000000e+01,9.595792383952476712e+01
8.675000000000000000e+01,9.214491252257032272e+01
8.700000000000000000e+01,8.941971739444306877e+01
8.725000000000000000e+01,8.744025329347795150e+01
8.750000000000000000e+01,8.594405522274719544e+01
8.775000000000000000e+01,8.478084073550370192e+01
8.800000000000000000e+01,8.386184251846528070e+01
8.825000000000000000e+01,8.313220900190199814e+01
8.850000000000000000e+01,8.255709527122236580e+01
8.875000000000000000e+01,8.211431594228569963e+01
8.900000000000000000e+01,8.179022053428772665e+01
8.925000000000000000e+01,8.157723101422817535e+01
8.950000000000000000e+01,8.147227298205338286e+01
8.975000000000000000e+01,8.147570255488828650e+01
9.000000000000000000e+01,8.159052176613373319e+01
9.025000000000000000e+01,8.182178888808567763e+01
9.050000000000000000e+01,8.217621053265902731e+01
9.075000000000000000e+01,8.266196704731440548e+01
9.100000000000000000e+01,8.328887753082769052e+01
9.125000000000000000e+01,8.406906163309740521e+01
9.150000000000000000e+01,8.501831973740962667e+01
9.175000000000000000e+01,8.615857250655894006e+01
9.200000000000000000e+01,8.752195164716964371e+01
9.225000000000000000e+01,8.915762268488818165e+01
9.250000000000000000e+01,9.114308597468819073e+01
9.275000000000000000e+01,9.360033293976647428e+01
9.300000000000000000e+01,9.669075307805748309e+01
9.325000000000000000e+01,1.002941337268383108e+02
9.350000000000000000e+01,1.020296306234797470e+02
9.375000000000000000e+01,9.962117508806917954e+01
9.400000000000000000e+01,9.657932667739410704e+01
9.425000000000000000e+01,9.417489287027734690e+01
9.450000000000000000e+01,9.232484971931754103e+01
9.475000000000000000e+01,9.086720186416535228e+01
9.500000000000000000e+01,8.968945135404359803e+01
9.525000000000000000e+01,8.871812009104758090e+01
9.550000000000000000e+01,8.790411599540261989e+01
9.575000000000000000e+01,8.721349154738150844e+01
9.600000000000000000e+01,8.662199325419899765e+01
9.625000000000000000e+01,8.611179728696347979e+01
9.650000000000000000e+01,8.566948975536053013e+01
9.675000000000000000e+01,8.528477316758187499e+01
9.700000000000000000e+01,8.494961078191494153e+01
9.725000000000000000e+01,8.465764395256607600e+01
9.750000000000000000e+01,8.440378505711863966e+01
9.775000000000000000e+01,8.418392660311830866e+01
9.800000000000000000e+01,8.399472919933680259e+01
9.825000000000000000e+01,8.383346430746910016e+01
9.850000000000000000e+01,8.369789584259878268e+01
9.875000000000000000e+01,8.358618984785144335e+01
9.900000000000000000e+01,8.349684481043034623e+01
9.925000000000000000e+01,8.342863740023324226e+01
9.950000000000000000e+01,8.338057990947966402e+01
9.975000000000000000e+01,8.335188670390112975e+01
1.000000000000000000e+02,8.334194772067425561e+01
1.002500000000000000e+02,8.335030756622873582e+01
1.005000000000000000e+02,8.337664914414563100e+01
1.007500000000000000e+02,8.342078102340411760e+01
1.010000000000000000e+02,8.348262797003710034e+01
1.012500000000000000e+02,8.356222423156580703e+01
1.015000000000000000e+02,8.365970929828426961e+01
1.017500000000000000e+02,8.377532597966100525e+01
1.020000000000000000e+02,8.390942073660266942e+01
1.022500000000000000e+02,8.406244630859086442e+01
1.025000000000000000e+02,8.423496677586223313e+01
1.027500000000000000e+02,8.442766530834502703e+01
1.030000000000000000e+02,8.464135498374056965e+01
1.032500000000000000e+02,8.487699321804440444e+01
1.035000000000000000e+02,8.513570055786513535e+01
1.037500000000000000e+02,8.541878485608485505e+01
1.040000000000000000e+02,8.572777222106638817e+01
1.042500000000000000e+02,8.606444663982090049e+01
1.045000000000000000e+02,8.643090089571111889e+01
1.047500000000000000e+02,8.682960243745456808e+01
1.050000000000000000e+02,8.726347937652519704e+01
1.052500000000000000e+02,8.773603406725386833e+01
1.055000000000000000e+02,8.825149521175976020e+01
1.057500000000000000e+02,8.881502490655660154e+01
1.060000000000000000e+02,8.943300587899008747e+01
1.062500000000000000e+02,9.011344885172607633e+01
1.065000000000000000e+02,9.086658527588754453e+01
1.067500000000000000e+02,9.170575603107513984e+01
1.070000000000000000e+02,9.264879184908960497e+01
1.072500000000000000e+02,9.372024999765302766e+01
1.075000000000000000e+02,9.495522841911864020e+01
1.077500000000000000e+02,9.640629232857442332e+01
1.080000000000000000e+02,9.815708513222979548e+01
1.082500000000000000e+02,1.003518839309959674e+02
1.085000000000000000e+02,1.032681190401289086e+02
1.087500000000000000e+02,1.075098155352932849e+02
1.090000000000000000e+02,1.138028587334148938e+02
1.092500000000000000e+02,1.119636811874702573e+02
1.095000000000000000e+02,1.061597911122229618e+02
1.097500000000000000e+02,1.024031732215167523e+02
1.100000000000000000e+02,9.974939312510076661e+01
1.102500000000000000e+02,9.771713260502373544e+01
1.105000000000000000e+02,9.607815126418189777e+01
1.107500000000000000e+02,9.470957591471784554e+01
1.110000000000000000e+02,9.353826087843394532e+01
1.112500000000000000e+02,9.251728485130385593e+01
1.115000000000000000e+02,9.161479286061265270e+01
1.117500000000000000e+02,9.080817996322231522e+01
1.120000000000000000e+02,9.008082686961617469e+01
1.122500000000000000e+02,8.942015592160547044e+01
1.125000000000000000e+02,8.881641592727781642e+01
1.127500000000000000e+02,8.826189140191638671e+01
1.130000000000000000e+02,8.775037022577888024e+01
1.132500000000000000e+02,8.727677472542455916e+01
1.135000000000000000e+02,8.683689952103883058e+01
1.137500000000000000e+02,8.642722112087824371e+01
1.140000000000000000e+02,8.604475693597731834e+01
1.142500000000000000e+02,8.568695908671655559e+01
1.145000000000000000e+02,8.535163318259395737e+01
1.147500000000000000e+02,8.503687534146193627e+01
1.150000000000000000e+02,8.474102274012473401e+01
1.152500000000000000e+02,8.446261434663645673e+01
1.155000000000000000e+02,8.420035941319693507e+01
1.157500000000000000e+02,8.395311195434635465e+01
1.160000000000000000e+02,8.371984989146524470e+01
1.162500000000000000e+02,8.349965787170066278e+01
1.165000000000000000e+02,8.329171300708053138e+01
1.167500000000000000e+02,8.309527295435209737e+01
1.170000000000000000e+02,8.290966588608490895e+01
1.172500000000000000e+02,8.273428200130774712e+01
1.175000000000000000e+02,8.256856629813850645e+01
1.177500000000000000e+02,8.241201238770329951e+01
1.180000000000000000e+02,8.226415717255932236e+01
1.182500000000000000e+02,8.212457624704387626e+01
1.185000000000000000e+02,8.199287990381927216e+01
1.187500000000000000e+02,8.186870965210246709e+01
1.190000000000000000e+02,8.175173516995235445e+01
1.192500000000000000e+02,8.164165162650797924e+01
1.195000000000000000e+02,8.153817732096158011e+01
1.197500000000000000e+02,8.144105159387362391e+01
1.200000000000000000e+02,8.135003297362486308e+01
1.202500000000000000e+02,8.126489752668355493e+01
1.205000000000000000e+02,8.118543738520853026e+01
1.207500000000000000e+02,8.111145942951037568e+01
1.210000000000000000e+02,8.104278410621685680e+01
1.212500000000000000e+02,8.097924436576023766e+01
1.215000000000000000e+02,8.092068470512452905e+01
1.217500000000000000e+02,8.086696030374363886e+01
1.220000000000000000e+02,8.081793624208663118e+01
1.222500000000000000e+02,8.077348679386359720e+01
1.225000000000000000e+02,8.073349478397032897e+01
1.227500000000000000e+02,8.069785100530324939e+01
1.230000000000000000e+02,8.066645368844240238e+01
1.232500000000000000e+02,8.063920801894411738e+01
1.235000000000000000e+02,8.061602569762723647e+01
1.237500000000000000e+02,8.059682453979029049e+01
1.240000000000000000e+02,8.058152810977904323e+01
1.242500000000000000e+02,8.057006538774082571e+01
1.245000000000000000e+02,8.056237046576866589e+01
1.247500000000000000e+02,8.055838227095657089e+01
1.250000000000000000e+02,8.055804431316909131e+01
1.252500000000000000e+02,8.056130445557487008e+01
1.255000000000000000e+02,8.056811470621353521e+01
1.257500000000000000e+02,8.057843102905872001e+01
1.260000000000000000e+02,8.059221317321375011e+01
1.262500000000000000e+02,8.060942451903046901e+01
1.265000000000000000e+02,8.063003194008176422e+01
1.267500000000000000e+02,8.065400568004334048e+01
1.270000000000000000e+02,8.068131924365424368e+01
1.272500000000000000e+02,8.071194930103055754e+01
1.275000000000000000e+02,8.074587560470155267e+01
1.277500000000000000e+02,8.078308091882681197e+01
1.280000000000000000e+02,8.082355096013552043e+01
1.282500000000000000e+02,8.086727435020668509e+01
1.285000000000000000e+02,8.091424257878358617e+01
1.287500000000000000e+02,8.096444997788634623e+01
1.290000000000000000e+02,8.101789370655572498e+01
1.292500000000000000e+02,8.107457374612903322e+01
1.295000000000000000e+02,8.113449290601542430e+01
1.297500000000000000e+02,8.119765684000671513e+01
1.300000000000000000e+02,8.126407407322665222e+01
